iteration,theta,residual_norm,grad_norm,step_norm,accepted_step,converged
0,0.4999998750000259,0.9999998750000181,1.0000000034815617,0.9999997365184965,1.0,False
1,2.7970347622984548e-14,2.3651785396872071e-07,2.3651809027807367e-07,0.0,0.0,True
