iteration,theta,residual_norm,grad_norm,step_norm,accepted_step,converged
0,0.125,0.5,0.035355339059327376,0.0,0.0,False
1,0.123753125,0.4975,0.035178562364030753,0.035355339059327376,1.0,False
2,1.375922870869129e-27,5.2458037913538647e-14,3.709343433640419e-15,7.035712472805429,1.0,True
